model,feature_setting,run_dir,accuracy,balanced_accuracy,precision,recall,f1,macro_f1,weighted_f1,ari,nmi
BotDCGC,Temporal,D:\3rd year project\Implementation\runs\botdcgc_snowball_10k,0.31951393852751964,0.4567739142980811,0.1542192046556741,0.6652719665271967,0.2503937007874016,0.31367852578637095,0.35534065861271175,0.03618350755232765,0.00507634748559733
BotDCGC,No temporal,D:\3rd year project\Implementation\runs\botdcgc_snowball_10k_notemp,0.3173695496783417,0.46378588948203725,0.15708812260536398,0.6861924686192469,0.25565081839438814,0.3126438910453789,0.35016399105364365,0.03128663979899268,0.0036956161335566207
CACL,Temporal,D:\3rd year project\Implementation\runs\cacl_baseline_fair,0.6004288777698356,0.5696959313230414,0.21929824561403508,0.5230125523012552,0.30902348578491967,0.5139888670754664,0.6489231888543038,0.025486839031239782,0.009906680046689674
CACL,No temporal,D:\3rd year project\Implementation\runs\cacl_baseline_fair_notemp,0.21157969978556113,0.5046367767998846,0.17223065250379363,0.9497907949790795,0.2915863840719332,0.2013935143566757,0.1420170790401981,-0.00934534251957707,0.0003409124595871557
TCADBOT,Temporal,D:\3rd year project\Implementation\runs\hybrid_fair,0.6090064331665476,0.5732073293896984,0.22302158273381295,0.5188284518828452,0.3119496855345912,0.5194296605406356,0.656019408203657,0.029450496003905837,0.01102403901256061
TCADBOT,No temporal,D:\3rd year project\Implementation\runs\hybrid_fair_notemp,0.2058613295210865,0.5011885009378156,0.17119155354449472,0.9497907949790795,0.2900958466453674,0.19452075381741202,0.1316010536783506,-0.002555107482199099,2.4677114799793306e-05
